[
  {
    "name": "thumbCachePath",
    "label": "Preview thumbnails cache location for scene images",
    "description": "Default location of the downloaded preview thumbnails",
    "type": "folder",
    "default": "",
    "group": "Previews"
  },
  {
    "name": "thumbCacheSize",
    "label": "Preview thumbnails cache size limit (MB)",
    "description": "Target directory size for cache pruning operations",
    "type": "number",
    "default": 512,
    "group": "Previews"
  },
  {
    "name": "ordersPath",
    "label": "Order download location",
    "description": "Default location of the downloaded orders",
    "type": "folder",
    "default": "",
    "group": "Orders"
  }
]
